{
  "token_count": 8184,
  "block_size": 128,
  "block_count": 64,
  "bootstrap_samples": 10000,
  "bootstrap_seed": 20260718,
  "reference_mean_nll": 6.600930318849466,
  "candidate_mean_nll": 6.587657902937464,
  "relative_perplexity_change": -0.013184725781933583,
  "bootstrap_standard_error": 0.0095138839920053,
  "bootstrap_95pct": {
    "lower": -0.032017128842818716,
    "upper": 0.005675330127158739
  },
  "threshold": 0.01,
  "point_gate_pass": true,
  "upper_bound_gate_pass": true,
  "gate_pass": true
}
