{
  "schema_version": "1.0.0",
  "measurement_kind": "live_continuous_batching",
  "runs": [
    {
      "mode": "stock",
      "parallel_slots": 4,
      "repetition": 1,
      "command": [
        "C:\\models\\expertflow\\builds\\llama-a7312ae-cuda128-clean\\bin\\llama-server.exe",
        "-m",
        "C:\\models\\gemma-4-26b-a4b-q6\\google_gemma-4-26B-A4B-it-Q6_K.gguf",
        "--host",
        "127.0.0.1",
        "--port",
        "8121",
        "-c",
        "8192",
        "-np",
        "4",
        "-ngl",
        "99",
        "--threads",
        "12",
        "--cpu-moe",
        "--metrics",
        "--cont-batching"
      ],
      "generated_tokens": 512,
      "wall_seconds": 22.529734600000666,
      "aggregate_generated_tps": 22.72552291849833,
      "per_request_tps": [
        7.514725780317676,
        7.633422990271798,
        7.51434197288931,
        7.5150399139621875
      ],
      "prompt_tps": [
        2.5749423166939946,
        14.522967710359742,
        3.311355742626714,
        2.9422468210402277
      ],
      "request_latency_seconds": [
        22.475376999995206,
        22.528765400005796,
        22.474703599997156,
        22.474632899997232
      ],
      "ttft_seconds": [
        5.441580899998371,
        5.7601627000040025,
        5.441109100000176,
        5.441269299997657
      ],
      "peak_process_owned_vram_mib": 4130.66796875,
      "completed_requests": 4,
      "errors": 0,
      "error_messages": [],
      "response_sha256": [
        "ebfc6126b8aec35b760c6a2745187f6d1a1d0a83a742a9830c2e980992a1061f",
        "73df9e6ad6ddb489850d785591accc7f37eb8efa3ecbf620e8a89210d36c9ac4",
        "10bce43fa12f8364530ce914e2c3594a8c174ceac0aaa0fc0bffb92903cbea5e",
        "9ed2009e1b04929f32f18e4b2fb0211f9fd2fac5d9313a7395915ebafbe6fd41"
      ]
    },
    {
      "mode": "expertflow",
      "parallel_slots": 4,
      "repetition": 1,
      "command": [
        "C:\\models\\expertflow\\builds\\llama-q6-placement-final\\bin\\llama-server.exe",
        "-m",
        "C:\\models\\gemma-4-26b-a4b-q6\\google_gemma-4-26B-A4B-it-Q6_K.gguf",
        "--host",
        "127.0.0.1",
        "--port",
        "8122",
        "-c",
        "8192",
        "-np",
        "4",
        "-ngl",
        "99",
        "--threads",
        "12",
        "--cpu-moe",
        "--metrics",
        "--cont-batching"
      ],
      "generated_tokens": 512,
      "wall_seconds": 16.47759380000207,
      "aggregate_generated_tps": 31.07249797600519,
      "per_request_tps": [
        10.471727603531232,
        10.472813149795101,
        10.472162823151105,
        10.631834120130588
      ],
      "prompt_tps": [
        3.329352379131429,
        4.753817612656563,
        4.279571063347399,
        17.19137981237758
      ],
      "request_latency_seconds": [
        16.432565900002373,
        16.4327731999947,
        16.432189299994207,
        16.476522299999488
      ],
      "ttft_seconds": [
        4.209450100002869,
        4.210172499995679,
        4.20911519999936,
        4.437064500001725
      ],
      "peak_process_owned_vram_mib": 11996.8125,
      "completed_requests": 4,
      "errors": 0,
      "error_messages": [],
      "response_sha256": [
        "58d64a03cd4949ff9298480278e2517c3842db1a558d3cd6f6568e48ad25cf67",
        "23a08523a87f7bc8d83b812e922266d7cf816dfb072f4b86592b7f073a8fdf96",
        "11753d5954fd6d0ffed33f8da067eac3d05cf0ed555e22d5dc8cf5ec20405dd1",
        "5d3601bdf6a184796f339741d81a26511413ed438844352cf7908014e4e950c4"
      ]
    },
    {
      "mode": "stock",
      "parallel_slots": 4,
      "repetition": 2,
      "command": [
        "C:\\models\\expertflow\\builds\\llama-a7312ae-cuda128-clean\\bin\\llama-server.exe",
        "-m",
        "C:\\models\\gemma-4-26b-a4b-q6\\google_gemma-4-26B-A4B-it-Q6_K.gguf",
        "--host",
        "127.0.0.1",
        "--port",
        "8121",
        "-c",
        "8192",
        "-np",
        "4",
        "-ngl",
        "99",
        "--threads",
        "12",
        "--cpu-moe",
        "--metrics",
        "--cont-batching"
      ],
      "generated_tokens": 512,
      "wall_seconds": 27.092200400002184,
      "aggregate_generated_tps": 18.8984280508998,
      "per_request_tps": [
        6.8820734138729485,
        6.882675123753725,
        6.882476022367618,
        6.88295899267465
      ],
      "prompt_tps": [
        1.6492902161748246,
        2.3554726167475284,
        2.120148335000398,
        1.8841288989103613
      ],
      "request_latency_seconds": [
        27.09138830000302,
        27.091398299999128,
        27.090823800004728,
        27.091022599997814
      ],
      "ttft_seconds": [
        8.493238099996233,
        8.493541600000754,
        8.492729500001587,
        8.494116299996676
      ],
      "peak_process_owned_vram_mib": 4130.66796875,
      "completed_requests": 4,
      "errors": 0,
      "error_messages": [],
      "response_sha256": [
        "7516491a0fde1f62c8ab0a7b997d196dbcf09f6970747a071a66643f2b2937e1",
        "1c9d4dd73c3d6223813215faa36bc57e4f33dd8a1c35deb6df81f3aa4d815689",
        "11753d5954fd6d0ffed33f8da067eac3d05cf0ed555e22d5dc8cf5ec20405dd1",
        "6cfd0f018c3403631daffae93a6d7b642e4df7286d037f2fa02ea8d060fa436f"
      ]
    },
    {
      "mode": "expertflow",
      "parallel_slots": 4,
      "repetition": 2,
      "command": [
        "C:\\models\\expertflow\\builds\\llama-q6-placement-final\\bin\\llama-server.exe",
        "-m",
        "C:\\models\\gemma-4-26b-a4b-q6\\google_gemma-4-26B-A4B-it-Q6_K.gguf",
        "--host",
        "127.0.0.1",
        "--port",
        "8122",
        "-c",
        "8192",
        "-np",
        "4",
        "-ngl",
        "99",
        "--threads",
        "12",
        "--cpu-moe",
        "--metrics",
        "--cont-batching"
      ],
      "generated_tokens": 512,
      "wall_seconds": 20.311720099998638,
      "aggregate_generated_tps": 25.207121675531276,
      "per_request_tps": [
        10.382356223833218,
        10.381950330478567,
        10.382060642751751,
        10.382684666997289
      ],
      "prompt_tps": [
        1.7545869288788212,
        2.5071243071091893,
        2.256110958545089,
        2.005050722770659
      ],
      "request_latency_seconds": [
        20.31123170000501,
        20.3110078000027,
        20.310781000000134,
        20.31050729999697
      ],
      "ttft_seconds": [
        7.984407100004319,
        7.984178799997608,
        7.983936899996479,
        7.983781099996122
      ],
      "peak_process_owned_vram_mib": 11996.8125,
      "completed_requests": 4,
      "errors": 0,
      "error_messages": [],
      "response_sha256": [
        "328885901140017229f7437bd84bfb1ed7da569dcb87df845aac72faed9f0335",
        "e433062f3a30831c3d0d48bd4f2a73e694f6c89fc5b8de6f50c636e6c868673a",
        "11753d5954fd6d0ffed33f8da067eac3d05cf0ed555e22d5dc8cf5ec20405dd1",
        "1f7d095ffe8a191a5aa0321319cc58f8f68821f941350bf773f1980f63c8ab4c"
      ]
    },
    {
      "mode": "stock",
      "parallel_slots": 4,
      "repetition": 3,
      "command": [
        "C:\\models\\expertflow\\builds\\llama-a7312ae-cuda128-clean\\bin\\llama-server.exe",
        "-m",
        "C:\\models\\gemma-4-26b-a4b-q6\\google_gemma-4-26B-A4B-it-Q6_K.gguf",
        "--host",
        "127.0.0.1",
        "--port",
        "8121",
        "-c",
        "8192",
        "-np",
        "4",
        "-ngl",
        "99",
        "--threads",
        "12",
        "--cpu-moe",
        "--metrics",
        "--cont-batching"
      ],
      "generated_tokens": 512,
      "wall_seconds": 24.71277050000208,
      "aggregate_generated_tps": 20.718033212826416,
      "per_request_tps": [
        7.817671381984738,
        7.8178652390593255,
        7.817493290239401,
        7.817297541917968
      ],